-- 02_insert_data.sql
-- Sample data for Supplier Performance & Procurement Analytics

-- Insert Suppliers (10)
INSERT INTO SUPPLIER (SUPPLIER_ID, NAME, COUNTRY, CONTACT_EMAIL, BASE_RATING) VALUES
(1, 'Alpha Components Ltd', 'Germany', 'sales@alpha.de', 4.50),
(2, 'Beta Manufacturing', 'USA', 'contact@beta.com', 4.10),
(3, 'Gamma Supplies', 'India', 'info@gamma.in', 3.90),
(4, 'Delta Parts Co', 'China', 'sales@delta.cn', 3.75),
(5, 'Epsilon Industrial', 'UK', 'hello@epsilon.co.uk', 4.20),
(6, 'Zeta Logistics', 'Netherlands', 'logistics@zeta.nl', 4.00),
(7, 'Eta Materials', 'Brazil', 'eta@materials.br', 3.60),
(8, 'Theta Components', 'Japan', 'contact@theta.jp', 4.30),
(9, 'Iota Trading', 'Canada', 'sales@iota.ca', 3.85),
(10, 'Kappa Suppliers', 'Mexico', 'support@kappa.mx', 3.95);

-- Insert Purchase Orders (35 sample POs)
-- PO_ID, SUPPLIER_ID, ORDER_DATE, ITEM_DESCRIPTION, QUANTITY, UNIT_PRICE
INSERT INTO PURCHASE_ORDER (PO_ID, SUPPLIER_ID, ORDER_DATE, ITEM_DESCRIPTION, QUANTITY, UNIT_PRICE) VALUES
(1001, 1, '2024-01-03', 'Control Valves', 10, 125.00),
(1002, 2, '2024-01-10', 'Gear Assemblies', 5, 540.00),
(1003, 3, '2024-01-15', 'Seals & O-rings', 200, 1.50),
(1004, 4, '2024-01-20', 'Mounting Brackets', 50, 8.00),
(1005, 5, '2024-02-01', 'Sensors', 15, 220.00),
(1006, 6, '2024-02-04', 'Packaging Materials', 500, 0.30),
(1007, 1, '2024-02-10', 'Actuators', 8, 310.00),
(1008, 7, '2024-02-14', 'Base Plates', 20, 45.00),
(1009, 8, '2024-02-20', 'Fasteners Kit', 100, 2.75),
(1010, 9, '2024-03-02', 'Cables', 250, 3.20),
(1011, 10, '2024-03-05', 'Connectors', 150, 1.80),
(1012, 2, '2024-03-10', 'Hydraulic Hoses', 30, 75.00),
(1013, 3, '2024-03-12', 'Rubber Liners', 60, 12.50),
(1014, 4, '2024-03-18', 'Bolt Sets', 300, 0.95),
(1015, 5, '2024-03-22', 'Temperature Probes', 25, 95.00),
(1016, 6, '2024-04-01', 'Pallets', 40, 18.00),
(1017, 7, '2024-04-05', 'Filter Media', 120, 4.50),
(1018, 8, '2024-04-10', 'Bearing Kits', 30, 42.00),
(1019, 9, '2024-04-15', 'Adapters', 75, 6.25),
(1020, 10, '2024-04-20', 'PCBs', 12, 150.00),
(1021, 1, '2024-05-01', 'Flow Meters', 6, 420.00),
(1022, 2, '2024-05-03', 'Springs', 400, 0.40),
(1023, 3, '2024-05-08', 'Housings', 18, 85.00),
(1024, 4, '2024-05-12', 'Spacer Rings', 90, 2.40),
(1025, 5, '2024-05-18', 'Thermostats', 22, 48.00),
(1026, 6, '2024-05-20', 'Stretch Wrap', 300, 0.55),
(1027, 7, '2024-05-25', 'Insulation Tape', 200, 0.75),
(1028, 8, '2024-06-01', 'Heat Sinks', 40, 9.50),
(1029, 9, '2024-06-04', 'Test Leads', 120, 3.75),
(1030, 10, '2024-06-09', 'Relays', 60, 7.80),
(1031, 1, '2024-06-12', 'Pressure Gauges', 14, 75.00),
(1032, 2, '2024-06-15', 'Filter Housings', 10, 210.00),
(1033, 3, '2024-06-18', 'Sealant', 80, 4.20),
(1034, 4, '2024-06-20', 'Screws (M6)', 1000, 0.05),
(1035, 5, '2024-06-22', 'Calibration Kits', 5, 320.00);

-- Insert Deliveries for those POs (mix of on-time and delayed)
-- DELIVERY_ID, PO_ID, EXPECTED_DATE, ACTUAL_DATE, STATUS
INSERT INTO DELIVERY (DELIVERY_ID, PO_ID, EXPECTED_DATE, ACTUAL_DATE, STATUS) VALUES
(2001,1001,'2024-01-10','2024-01-09','ON_TIME'),
(2002,1002,'2024-01-20','2024-01-22','DELAYED'),
(2003,1003,'2024-01-25','2024-01-25','ON_TIME'),
(2004,1004,'2024-01-27','2024-02-04','DELAYED'),
(2005,1005,'2024-02-10','2024-02-10','ON_TIME'),
(2006,1006,'2024-02-12','2024-02-13','DELAYED'),
(2007,1007,'2024-02-20','2024-02-18','ON_TIME'),
(2008,1008,'2024-02-25','2024-03-02','DELAYED'),
(2009,1009,'2024-03-01','2024-03-01','ON_TIME'),
(2010,1010,'2024-03-10','2024-03-09','ON_TIME'),
(2011,1011,'2024-03-12',NULL,'CANCELLED'),
(2012,1012,'2024-03-20','2024-03-22','DELAYED'),
(2013,1013,'2024-03-25','2024-03-25','ON_TIME'),
(2014,1014,'2024-03-30','2024-04-05','DELAYED'),
(2015,1015,'2024-04-01','2024-04-01','ON_TIME'),
(2016,1016,'2024-04-10','2024-04-11','DELAYED'),
(2017,1017,'2024-04-20','2024-04-20','ON_TIME'),
(2018,1018,'2024-04-18','2024-04-21','DELAYED'),
(2019,1019,'2024-04-25','2024-04-24','ON_TIME'),
(2020,1020,'2024-04-30','2024-05-02','DELAYED'),
(2021,1021,'2024-05-10','2024-05-09','ON_TIME'),
(2022,1022,'2024-05-15','2024-05-23','DELAYED'),
(2023,1023,'2024-05-22','2024-05-22','ON_TIME'),
(2024,1024,'2024-05-25','2024-05-25','ON_TIME'),
(2025,1025,'2024-05-30','2024-06-05','DELAYED'),
(2026,1026,'2024-06-03','2024-06-02','ON_TIME'),
(2027,1027,'2024-06-07','2024-06-09','DELAYED'),
(2028,1028,'2024-06-12','2024-06-12','ON_TIME'),
(2029,1029,'2024-06-15','2024-06-15','ON_TIME'),
(2030,1030,'2024-06-20','2024-06-21','DELAYED'),
(2031,1031,'2024-06-22','2024-06-22','ON_TIME'),
(2032,1032,'2024-06-25','2024-06-24','ON_TIME'),
(2033,1033,'2024-06-28','2024-06-30','DELAYED'),
(2034,1034,'2024-06-29','2024-07-01','DELAYED'),
(2035,1035,'2024-06-30','2024-06-30','ON_TIME');
